年級,班別,座號,姓名,學年
中一,A,1,陳心瑜,2026-2027
中一,A,2,周倬睿,2026-2027
中一,A,3,周永欣,2026-2027
中一,A,4,周天兒,2026-2027
中一,A,5,陳嘉豪,2026-2027
中一,A,6,何兆剛,2026-2027
中一,A,7,洪宇誠,2026-2027
中一,A,8,鄺俊麒,2026-2027
中一,A,9,郭浠瑜,2026-2027
中一,A,10,林希哲,2026-2027
中一,A,11,李澂,2026-2027
中一,A,12,李卓兒,2026-2027
中一,A,13,李曉晴,2026-2027
中一,A,14,李可晴,2026-2027
中一,A,15,梁嘉琳,2026-2027
中一,A,16,魯安玥,2026-2027
中一,A,17,吳善謙,2026-2027
中一,A,18,施奕希,2026-2027
中一,A,19,蕭梓麟,2026-2027
中一,A,20,蘇祉穎,2026-2027
中一,A,21,譚浚浩,2026-2027
中一,A,22,黃心柔,2026-2027
中一,A,23,胡浚軒,2026-2027
中一,A,24,鍾宛純,2026-2027
中一,B,1,謝宜真,2026-2027
中一,B,2,肖欣媛,2026-2027
中一,B,3,鍾康盛,2026-2027
中一,B,4,曹靖楓,2026-2027
中一,B,5,梁晞晴,2026-2027
中一,B,6,范明軒,2026-2027
中一,B,7,甘希彤,2026-2027
中一,B,8,何睿恩,2026-2027
中一,B,9,何佩悅,2026-2027
中一,B,10,葉穎,2026-2027
中一,B,11,高悅峻,2026-2027
中一,B,12,黎曜天,2026-2027
中一,B,13,林祉蕎,2026-2027
中一,B,14,李承騫,2026-2027
中一,B,15,梁晏僑,2026-2027
中一,B,16,梁穎希,2026-2027
中一,B,17,梁日曦,2026-2027
中一,B,18,駱浠澄,2026-2027
中一,B,19,盧曉信,2026-2027
中一,B,20,盧柏橋,2026-2027
中一,B,21,勞語晴,2026-2027
中一,B,22,吳若曦,2026-2027
中一,B,23,彭珏熙,2026-2027
中一,B,24,潘悅澄,2026-2027
中一,B,25,阮思雯,2026-2027
中一,C,1,區逸言,2026-2027
中一,C,2,陳俊睿,2026-2027
中一,C,3,周朗熙,2026-2027
中一,C,4,鄭嘉喬,2026-2027
中一,C,5,陳賢浩,2026-2027
中一,C,6,馮心悅,2026-2027
中一,C,7,馮宛穎,2026-2027
中一,C,8,禤靜韻,2026-2027
中一,C,9,殷紫瑜,2026-2027
中一,C,10,葉佩文,2026-2027
中一,C,11,余明憲,2026-2027
中一,C,12,高信謙,2026-2027
中一,C,13,鄺仲言,2026-2027
中一,C,14,林卓曦,2026-2027
中一,C,15,林依穎,2026-2027
中一,C,16,林樂彤,2026-2027
中一,C,17,李懿恩,2026-2027
中一,C,18,梁凱欣,2026-2027
中一,C,19,梁洛悠,2026-2027
中一,C,20,林樂熙,2026-2027
中一,C,21,劉思怡,2026-2027
中一,C,22,劉思悅,2026-2027
中一,C,23,李欣潼,2026-2027
中一,C,24,蘇睿,2026-2027
中一,C,25,鄧琸泓,2026-2027
中一,D,1,陳曼筠,2026-2027
中一,D,2,仇櫟然,2026-2027
中一,D,3,陳芯瑤,2026-2027
中一,D,4,張逸彤,2026-2027
中一,D,5,蔡政亨,2026-2027
中一,D,6,蔡思霖,2026-2027
中一,D,7,朱頌浠,2026-2027
中一,D,8,朱柏橋,2026-2027
中一,D,9,馮珮喬,2026-2027
中一,D,10,方淳亮,2026-2027
中一,D,11,何梓君,2026-2027
中一,D,12,何梓瑜,2026-2027
中一,D,13,楊卓昕,2026-2027
中一,D,14,古日熹,2026-2027
中一,D,15,林頌甯,2026-2027
中一,D,16,林鎧攸,2026-2027
中一,D,17,林栢賢,2026-2027
中一,D,18,劉晉嘉,2026-2027
中一,D,19,劉泳彤,2026-2027
中一,D,20,劉芯語,2026-2027
中一,D,21,李卓熹,2026-2027
中一,D,22,李芊悠,2026-2027
中一,D,23,梁一諾,2026-2027
中一,D,24,梁洋溢,2026-2027
中一,D,25,連思捷,2026-2027
中二,A,1,陳恩慈,2026-2027
中二,A,2,鄭梓樂,2026-2027
中二,A,3,張紫瑩,2026-2027
中二,A,4,徐睿楷,2026-2027
中二,A,5,馮梓恩,2026-2027
中二,A,6,何浩華,2026-2027
中二,A,7,許芷妍,2026-2027
中二,A,8,許穎瑤,2026-2027
中二,A,9,洪善頤,2026-2027
中二,A,10,楊曉穎,2026-2027
中二,A,11,楊穎彤,2026-2027
中二,A,12,高崎峻,2026-2027
中二,A,13,郭泳琳,2026-2027
中二,A,14,黎卓凡,2026-2027
中二,A,15,林晞朗,2026-2027
中二,A,16,林曦佟,2026-2027
中二,A,17,劉珮熙,2026-2027
中二,A,18,劉弘哲,2026-2027
中二,A,19,盧銳曈,2026-2027
中二,A,20,魯辰宇,2026-2027
中二,A,21,施樂兒,2026-2027
中二,A,22,潘睿燊,2026-2027
中二,A,23,蕭佳鋮,2026-2027
中二,A,24,蕭日謙,2026-2027
中二,A,25,鄧沛翹,2026-2027
中二,B,1,陳晞嵐,2026-2027
中二,B,2,陳心怡,2026-2027
中二,B,3,張桕桓,2026-2027
中二,B,4,丁小翁,2026-2027
中二,B,5,官柏槑,2026-2027
中二,B,6,黎康華,2026-2027
中二,B,7,賴穎桐,2026-2027
中二,B,8,林君堯,2026-2027
中二,B,9,李洛榕,2026-2027
中二,B,10,李柏熹,2026-2027
中二,B,11,李泓博,2026-2027
中二,B,12,梁鎧嵐,2026-2027
中二,B,13,梁恩維,2026-2027
中二,B,14,梁家羲,2026-2027
中二,B,15,李宇津,2026-2027
中二,B,16,李浩翔,2026-2027
中二,B,17,梁棋彰,2026-2027
中二,B,18,梁韞鈺,2026-2027
中二,B,19,盧立晴,2026-2027
中二,B,20,勞詩雯,2026-2027
中二,B,21,吳胤熹,2026-2027
中二,B,22,譚悅,2026-2027
中二,B,23,余梓睿,2026-2027
中二,B,24,王康睿,2026-2027
中二,B,25,余揚旌,2026-2027
中二,C,1,陳凱琳,2026-2027
中二,C,2,陳𧗠臻,2026-2027
中二,C,3,張榕栗,2026-2027
中二,C,4,周家馨,2026-2027
中二,C,5,蔡嘉浩,2026-2027
中二,C,6,朱恩雪,2026-2027
中二,C,7,何梓僮,2026-2027
中二,C,8,何詠芯,2026-2027
中二,C,9,洪芷妤,2026-2027
中二,C,10,英卓楠,2026-2027
中二,C,11,容穎彤,2026-2027
中二,C,12,葉逸朗,2026-2027
中二,C,13,江梓翊,2026-2027
中二,C,14,關諾行,2026-2027
中二,C,15,林弘軒,2026-2027
中二,C,16,李梓嫣,2026-2027
中二,C,17,李思朗,2026-2027
中二,C,18,梁諾希,2026-2027
中二,C,19,莫鎮英,2026-2027
中二,C,20,莫永淇,2026-2027
中二,C,21,彭博言,2026-2027
中二,C,22,黃梓程,2026-2027
中二,C,23,黃心悠,2026-2027
中二,C,24,王靖琛,2026-2027
中二,C,25,姚博文,2026-2027
中二,D,1,李媾琦,2026-2027
中二,D,2,陳朗熹,2026-2027
中二,D,3,張禧,2026-2027
中二,D,4,盧嘉謙,2026-2027
中二,D,5,歐欣蒨,2026-2027
中二,D,6,霍浩俊,2026-2027
中二,D,7,何政軒,2026-2027
中二,D,8,黃琛貽,2026-2027
中二,D,9,甄子康,2026-2027
中二,D,10,楊昕翹,2026-2027
中二,D,11,姚梓謙,2026-2027
中二,D,12,關進謙,2026-2027
中二,D,13,郭安欣,2026-2027
中二,D,14,劉珀豪,2026-2027
中二,D,15,李林蔚,2026-2027
中二,D,16,李天睿,2026-2027
中二,D,17,梁惠琳,2026-2027
中二,D,18,梁柏翹,2026-2027
中二,D,19,陸昕悅,2026-2027
中二,D,20,麥軒銘,2026-2027
中二,D,21,杜睿晴,2026-2027
中二,D,22,王鍾雨,2026-2027
中二,D,23,王灝宏,2026-2027
中二,D,24,黃暟懿,2026-2027
中二,D,25,吳岷珉,2026-2027
